{"year": "2003", "month": "12", "type": "anthropogenic", "country_totals": {"BW": 0.7908689324399916, "GL": 0.02390218523823151, "AQ": 0.0, "ZA": 24.12721580534735, "AU": 14.338229537948733, "RU": 244.01458347313041, "CK": 0.11413840287605126, "AR": 18.81458529677731, "KY": 0.0010638560816005338, "LY": 11.729979012315631, "MA": 7.293003729165209, "FM": 0.0, "SJ": 0.0, "CA": 90.6826277621345, "KI": 0.0, "GS": 0.0, "CL": 4.865481571273465, "SH": 0.0, "DO": 2.628036874684767, "TF": 0.0, "ID": 24.461645391065385, "PF": 0.04995120196605285, "CG": 0.3486895657679838, "CV": 0.1129232571711416, "US": 441.400094507516, "MX": 57.64206697143944, "MG": 0.19277263822596424, "NZ": 4.186826059879053, "DZ": 19.20322790480708, "MU": 0.29248705023019284, "MN": 1.0919891185755297, "SA": 30.161384767386647, "CN": 199.03642882592715, "NC": 0.5464399138234732, "KZ": 17.41274999406717, "IR": 62.75038515565558, "NO": 14.457702912582794, "PN": 0.0, "PE": 4.77239894658627, "TK": 0.0, "FI": 27.89621833878028, "GF": 0.1475294961563236, "MV": 0.0, "ML": 0.17180151389243292, "ET": 0.47921306184873913, "IQ": 15.358471004404237, "NF": 0.0, "PH": 6.471083262438828, "TH": 14.347034069999735, "IS": 0.8363384134215721, "PT": 11.625641511196648, "BM": 0.0, "SO": 0.21501799626482487, "IE": 11.07273437681124, "GB": 37.725194082139154, "LK": 2.324482805767552, "TR": 26.770462905664182, "TO": 0.0, "BR": 62.261321342340594, "PK": 40.31848046136502, "OM": 6.180052721661468, "MZ": 0.6211201817227749, "SC": 0.0, "AO": 1.7978890231828615, "ZW": 0.7896620689931773, "YE": 6.4935992411219345, "TD": 0.036986482803854415, "FK": 1.4078074855206069e-05, "EC": 6.386369801796716, "NA": 1.235711262007566, "DK": 6.944572658117977, "VN": 11.499279973095298, "MP": 0.0, "CM": 0.6361020557910582, "IN": 178.35480374558622, "GA": 1.4696265730991627, "PR": 1.4003455819165538, "SD": 3.3859476739728205, "JP": 38.58405565859262, "KE": 0.7769326472118703, "GY": 0.13634598400312825, "AS": 0.0, "RE": 0.1448369475256186, "BB": 0.04027517736903974, "CC": 0.0, "JM": 2.6528301245745247, "UZ": 13.08250263303439, "CI": 2.444457749775438, "GH": 1.9679209571221463, "CU": 3.227740729371652, "SY": 11.882120827928702, "TM": 5.839221215205612, "NG": 8.423214625284364, "TL": 0.11681422631954774, "ES": 39.94610485112196, "AX": 0.037673881942794196, "PG": 0.2306070374536997, "NL": 9.08320318404078, "FJ": 0.4046980656497077, "TJ": 1.9829605941886257, "MH": 0.0, "DE": 62.692683433997445, "ZM": 0.4799722812908982, "BG": 9.014345275758387, "BS": 0.11338273771427154, "TV": 0.0, "NP": 0.41192666789578425, "PL": 40.955362001943286, "BO": 1.8913203198482051, "EG": 15.783836180631036, "TG": 0.012992486212169752, "AI": 0.0, "CO": 12.87728357430729, "AG": 1.97224180737976e-05, "VE": 14.266063350557339, "TZ": 0.35307784945548093, "TW": 4.907694449257065, "NE": 0.4017963872188375, "GT": 1.9345927435092563, "MW": 0.3752561111704278, "AF": 1.2348277295711796, "CD": 0.30959886708498985, "TN": 9.58522969791604, "PA": 1.5275146154008858, "AW": 0.0, "KR": 14.654455477468897, "FR": 72.7762669526651, "NR": 0.0, "MY": 7.221569002364923, "NU": 0.0, "BQ": 0.016810646051681033, "SL": 0.0, "VU": 0.0, "PM": 0.012733010575175285, "GQ": 0.41276769315709316, "KM": 0.0, "KP": 0.28892064208170964, "WF": 0.0, "SE": 24.17247431316805, "MM": 1.6200793574063024, "CY": 1.602644498081645, "HT": 0.03233124821542077, "FO": 0.06040388705940103, "PY": 2.212961376194471, "BY": 4.887900237512042, "BJ": 0.1553999747729904, "SS": 0.097754429278325, "HK": 0.48718022964021657, "BF": 0.5539576851432457, "GR": 15.474496243875535, "UA": 35.508810532965526, "CR": 2.5356400717033, "HN": 3.1794715289501028, "AE": 4.5429330700334845, "CH": 4.982379347085953, "CF": 0.0602500544009672, "ST": 1.744340494269636e-08, "UY": 0.7313780266774188, "TC": 0.0, "CX": 0.0, "SB": 0.01277187494821419, "GW": 0.16361108096316457, "LV": 1.7509195928250847, "IT": 38.99723030764891, "PW": 0.0, "HU": 8.810992628335953, "LR": 0.012990875220566522, "RO": 18.653750556366504, "AZ": 4.77971130074593, "DM": 0.05707230791449547, "SN": 0.32570538092477364, "MR": 0.11181472678072168, "DJ": 0.0002921995152807, "GE": 0.9339411068381196, "LA": 0.5552188702642411, "KG": 4.131802692740649, "AL": 1.4273277096599486, "KH": 0.017383849041834765, "SV": 2.2613704352042987, "EH": 0.026809603648871416, "QA": 2.7357108286016008, "GP": 0.18807745043477553, "ME": 0.3081898420350626, "YT": 0.056688174885493936, "AT": 9.95320725440979, "BZ": 0.41995906592819665, "WS": 0.0, "GN": 0.2860352057315936, "GM": 0.05810656934045255, "RS": 7.098310098052025, "SR": 0.4127993290312588, "HR": 5.3600730583439145, "EE": 1.7212711440261046, "MD": 2.2007764279842377, "UG": 0.07260140730068088, "VC": 0.00576136627842061, "GU": 0.1332406671863282, "LB": 0.060234751776079065, "CZ": 15.605901539325714, "BD": 3.1440525017824257, "VG": 0.004911510739475489, "VI": 0.06054123833018821, "TT": 1.1595359594697978, "SK": 6.911145508289337, "MT": 0.03022712841629982, "LT": 1.9667381133331219, "ER": 0.3086432218742843, "KW": 1.609120488166809, "IL": 0.6347256944378596, "BI": 0.0, "MQ": 0.0002595503756310791, "JO": 3.26386507062125, "BN": 0.015431587991770357, "BA": 3.007203795015812, "AD": 0.6064335703849792, "BE": 4.7911115773022175, "NI": 0.6546321082542477, "SI": 3.4380220770835876, "IM": 0.15469328314065933, "SZ": 1.3911408446729183, "KN": 0.0, "LC": 0.0368713375646621, "MK": 0.8509831130504608, "AM": 0.8080792091786861, "RW": 0.0017550325937918387, "BT": 0.016580695286393166, "LS": 0.15331165420866455, "CW": 0.18991848411315004, "GD": 0.11723963683471084, "PS": 2.3750017285346985, "MS": 0.014295715547632426, "GG": 6.135216494840279e-07, "BH": 0.4514209032058716, "LU": 0.9617762565612793, "BL": 0.0010467864340171218, "XK": 0.49565210938453674}}