{"year": "2021", "month": "12", "type": "natural", "country_totals": {"RU": 88.38125941428372, "US": 43.5911871473094, "CA": 31.3820723850826, "GL": 0.8944595866511942, "IS": 0.6770069463341926, "SJ": 0.0944538555754703, "NO": 2.2819388835213896, "FI": 2.0358749628067017, "GB": 1.0909277354017313, "SE": 2.6413193307816982, "FO": 0.0035036681532645275, "AX": 0.015335001051425934, "EE": 0.35636695474386215, "IE": 0.2996796795608505, "DK": 0.33827672339975834, "LV": 0.18750420585274696, "NL": 0.1762124810484238, "PL": 1.718360498547554, "LT": 0.29479558765888214, "BY": 0.7077489793300629, "DE": 1.9473919868469238, "KZ": 2.385810757987201, "CN": 9.502614612953039, "PT": 0.19280416971630568, "BE": 0.0892874151468277, "UA": 1.7614687271416187, "MN": 1.0067470746580511, "GG": 0.06662563234567642, "FR": 2.671357921382878, "CZ": 0.45364971458911896, "JP": 0.3308952768760512, "CH": 0.14532580971717834, "AT": 0.13538825511932373, "HU": 0.34435180574655533, "RO": 0.6364422217011452, "MD": 0.07867473363876343, "PM": 0.0020255842268852575, "ES": 1.1719697612734128, "IT": 0.5149800353683531, "SI": 0.08534139394760132, "HR": 0.2270677238702774, "RS": 0.2259334847331047, "UZ": 0.3799613919109106, "BA": 0.10607985407114029, "BG": 0.472239188849926, "TR": 1.552001022733748, "KG": 0.30489974468946457, "AL": 0.030801011249423027, "MK": 0.06580394506454468, "GE": 0.1895456239581108, "AZ": 0.3222153354436159, "TM": 0.2527254531159997, "KP": 0.1529064169153571, "GR": 0.15070908456436882, "TJ": 0.18949359841644764, "BM": 3.4169717662985155e-10, "DZ": 0.20554326994192706, "TN": 0.04212502483278513, "IR": 0.6029258190246765, "AF": 0.4448294099420309, "KR": 0.1861459364008624, "MA": 0.23475700602466532, "MT": 0.00032460709917359054, "CY": 0.02060804152279161, "SY": 0.12869365513324738, "IQ": 0.11269567115232348, "PK": 0.18066453881823463, "IN": 9.539857742803635, "MH": 2.4009023709956057e-05, "LY": 0.015980863318432625, "EG": 0.014961192744934237, "LB": 0.005536653101444244, "MX": 8.244659994487312, "IL": 0.002016360405832529, "SA": 0.0709704284381587, "BS": 0.09402783478460242, "JO": 0.000639617326669395, "KW": 0.008135874988511205, "NP": 0.16695430129766464, "AG": 8.316039838973666e-07, "CV": 8.485940911108492e-07, "EH": 0.00044659302088190245, "BT": 0.054362013936042786, "MP": 0.0005599969524639934, "CU": 0.6110838896420319, "TC": 0.010585229230400728, "PR": 0.017729837840573026, "VG": 1.0397236023529377e-11, "AI": 0.000132900190930485, "GP": 2.0773847429378378e-05, "ML": 1.100288366875855, "TD": 1.7017082208166538, "QA": 0.00022208683367352933, "AE": 0.0014953422505641356, "BD": 0.1396461445838213, "MM": 0.7964958684897283, "TW": 0.11062755598686635, "BB": 0.0005207485605136265, "MR": 0.057645376148519695, "OM": 0.015487531791828803, "VN": 3.36417860641086, "DO": 0.17241353867575526, "NE": 0.28877640488703094, "SD": 1.3372675667415024, "TH": 3.777063338086009, "PH": 1.190390807869159, "KY": 0.004858749220147729, "JM": 0.050923705101013184, "HT": 0.056690264551434666, "GF": 0.6815368565249864, "YE": 0.2851264332266577, "LA": 0.9680079072713852, "HK": 0.0007079187780618668, "FM": 0.009012702552539994, "GT": 0.9797046560630962, "BZ": 0.11228599399328232, "HN": 0.7451801272109151, "VI": 0.0035546781145967543, "BQ": 0.002262595866341144, "SN": 0.22217329851319878, "ER": 0.3368685804307461, "GU": 0.0011273167129850492, "CO": 6.563451034129685, "AW": 0.013433826563414186, "DM": 9.993617823056411e-06, "MQ": 1.535412229713984e-05, "BF": 0.89814936183393, "SV": 0.27011504740403325, "NI": 0.6720624700537883, "VE": 4.897628042148426, "GD": 0.0005951891653239727, "VC": 0.0009302242542617023, "GM": 0.014903299510478973, "GN": 1.6709678433835506, "NG": 4.617761058034375, "ET": 7.62639881670475, "SO": 3.314631808212625, "KH": 1.3454494774341583, "PW": 0.025920507648377722, "TK": 2.621860599877346e-07, "KI": 0.00031462597254793695, "PF": 0.0832495912097485, "CR": 0.41089166491267914, "PA": 0.5547507969579897, "TT": 0.029882573056966066, "BR": 50.83541350968655, "GW": 0.08942124510340367, "BJ": 0.17033694684505463, "CF": 7.712674200534821, "DJ": 0.047854356467723846, "LK": 0.24828141970336687, "GY": 1.2952454139012843, "SR": 0.14255639944167342, "SL": 0.6730874263789521, "CI": 3.9390745490810843, "GH": 1.3725530748591375, "TG": 0.48888835310935974, "CM": 3.5369928628206253, "SS": 6.227960973978043, "LR": 1.2582486767096892, "MV": 0.00012585765823339146, "ID": 9.196897589273105, "MY": 0.9668079289149318, "EC": 1.4169943597461216, "KE": 3.191241666674614, "GQ": 0.5192900505796756, "CD": 16.3543529137969, "UG": 2.7881020605564117, "SC": 0.00957945888089462, "ST": 0.04278818005695939, "GA": 1.8476548262759707, "CG": 2.923168160021305, "PG": 5.428361753110039, "NR": 3.9816395442510144e-07, "PE": 5.941089475823392, "SH": 0.006889673253495324, "TZ": 4.637314151506871, "TV": 1.3285637839866027e-06, "BI": 0.2688456177711487, "SB": 0.8454232714753118, "CL": 6.797314708087612, "WF": 0.02233086023341535, "AO": 3.532809300356645, "KM": 0.061051998951143105, "MG": 5.196421061645823, "CC": 1.5735089460566787e-06, "TL": 0.32251362688839436, "AS": 0.005725356896745026, "PN": 0.0, "BO": 4.314069949090481, "ZM": 1.1489821709692478, "MU": 0.1284333739638988, "CX": 0.019185241607910353, "AU": 52.0633732190314, "WS": 0.04921125002147164, "MZ": 3.968205827644283, "VU": 0.6231489398305712, "FJ": 0.4185840266446885, "CK": 0.01037270735720841, "MW": 0.3679487258195877, "YT": 0.03058704361319542, "TO": 0.07128312828019467, "NU": 0.030938446528473662, "NA": 2.181784475908234, "BW": 3.3965861797332764, "ZW": 2.0471549183130264, "NC": 0.7192611253887167, "PY": 4.084198355674744, "RE": 0.0880965226016599, "AR": 35.94626163474358, "ZA": 11.508267191675852, "SZ": 0.43849432468414307, "NF": 8.097996965390764e-05, "NZ": 9.327330690146088, "LS": 0.922399491071701, "UY": 4.979106393385468, "TF": 0.15814236287389047, "GS": 0.006814328320291385, "FK": 0.3164799911345462, "AQ": 0.0}}