{"year": "2003", "month": "12", "type": "natural", "country_totals": {"RU": 99.96542030908998, "US": 38.58583191662804, "CA": 36.72369891307486, "GL": 0.9061843384908272, "IS": 0.6825319154825734, "SJ": 0.07875242678967494, "NO": 2.3779053133810337, "FI": 2.1282236129045486, "GB": 1.0600107082668444, "SE": 2.710148708894849, "FO": 0.003764416851389285, "AX": 0.01482522115111351, "EE": 0.36087561398744583, "IE": 0.29250752709842676, "DK": 0.35357438400387764, "LV": 0.17783472687005997, "NL": 0.16509378759656101, "PL": 1.69311049208045, "LT": 0.2865823917090893, "BY": 0.7531236559152603, "DE": 1.8580286502838135, "KZ": 2.841202737763524, "CN": 9.032659909658832, "PT": 0.16988172347749067, "BE": 0.08469553291797638, "UA": 1.8143236599862576, "MN": 0.8760262842988595, "GG": 0.06297490000724792, "FR": 2.43555475762696, "CZ": 0.45302966237068176, "JP": 0.34316711316238824, "CH": 0.135163351893425, "AT": 0.1306885927915573, "HU": 0.3188202455639839, "RO": 0.6218747794628143, "MD": 0.08174055814743042, "PM": 0.0020898018735806545, "ES": 0.985998462754894, "IT": 0.5032609630434308, "SI": 0.08055329322814941, "HR": 0.2009916603565216, "RS": 0.19831755757331848, "UZ": 0.36970216128975153, "BA": 0.0924302414059639, "BG": 0.43911098316311836, "TR": 1.4872980182990432, "KG": 0.30688326619565487, "AL": 0.027898170053958893, "MK": 0.05956496298313141, "GE": 0.18850470334291458, "AZ": 0.315376503393054, "TM": 0.2309710644185543, "KP": 0.18393693445250392, "GR": 0.1447606258734595, "TJ": 0.17510503251105547, "BM": 2.535006544956975e-10, "DZ": 0.17906217413974446, "TN": 0.03253121068701148, "IR": 0.5201428346335888, "AF": 0.403588212269824, "KR": 0.2033354000595864, "MA": 0.2023370323686322, "MT": 0.00028777995612472296, "CY": 0.020769634487805888, "SY": 0.10986454132944345, "IQ": 0.08133012475445867, "PK": 0.12891091386336484, "IN": 8.198108626775301, "MH": 2.061565505262833e-05, "LY": 0.015039456881943636, "EG": 0.018745673496127324, "LB": 0.004964702762663364, "MX": 7.53454510060628, "IL": 0.0018817743984982371, "SA": 0.07524622916025692, "BS": 0.08185201027887884, "JO": 0.0008035398786887527, "KW": 0.006208018166944385, "NP": 0.1633354313671589, "AG": 8.190670826024871e-07, "CV": 1.2123240826118764e-06, "EH": 0.0005618249147885113, "BT": 0.05274461582303047, "MP": 0.0005679489820969232, "CU": 0.36602702108211815, "TC": 0.011906258040994544, "PR": 0.013637216597871316, "VG": 6.114003834462034e-12, "AI": 0.00012882776113132266, "GP": 2.0733087474411604e-05, "ML": 0.8134714973016512, "TD": 1.5044025956773293, "QA": 0.0005038539529778063, "AE": 0.001097359498089645, "BD": 0.1321719540283084, "MM": 0.4942802592086082, "TW": 0.09010873571969569, "BB": 0.0007035277367173284, "MR": 0.043772800737881805, "OM": 0.0060951978229907035, "VN": 2.972085722707561, "DO": 0.17586317553650588, "NE": 0.20885372581111383, "SD": 0.949775281240818, "TH": 2.865990385180339, "PH": 1.1646938057753238, "KY": 0.003153315425151959, "JM": 0.06560537510085851, "HT": 0.07305391191039234, "GF": 0.6587771247148211, "YE": 0.23534622795826549, "LA": 0.77703857421875, "HK": 0.0005312927532941103, "FM": 0.009060428275333956, "GT": 0.9379323301312832, "BZ": 0.11154808104038239, "HN": 0.6545243673026562, "VI": 0.0034462973126210272, "BQ": 0.0020414736500242725, "SN": 0.2165369496292051, "ER": 0.26701305620372295, "GU": 0.0011278454184626696, "CO": 7.341102722093638, "AW": 0.01321970031131059, "DM": 1.9669825633172877e-05, "MQ": 2.8141108487034217e-05, "BF": 0.8682578457519412, "SV": 0.238225164150208, "NI": 0.5237079688522499, "VE": 6.329650201951154, "GD": 0.0007243146537803113, "VC": 0.0011056953808292747, "GM": 0.01675313152372837, "GN": 1.414353184401989, "NG": 3.3537146323360503, "ET": 6.6245932430028915, "SO": 3.741327199692304, "KH": 1.0428901463747025, "PW": 0.023040439037609772, "TK": 3.068967608099715e-07, "KI": 0.0005008816458777375, "PF": 0.10841618213876615, "CR": 0.3763763533688232, "PA": 0.5676346962513321, "TT": 0.03252244461327791, "BR": 48.55961027694509, "GW": 0.11014878762182517, "BJ": 0.15535394847393036, "CF": 5.852692320942879, "DJ": 0.05045043304562569, "LK": 0.2619453645557703, "GY": 1.2958632323425263, "SR": 0.13489877757092472, "SL": 0.5777647830886954, "CI": 3.25109129025347, "GH": 1.3296961447638387, "TG": 0.41206103563308716, "CM": 3.231266677379608, "SS": 4.391402617096901, "LR": 0.99041528071286, "MV": 0.00012829071082395838, "ID": 9.24299595760898, "MY": 0.9671652585566335, "EC": 1.364486012904072, "KE": 2.857163593173027, "GQ": 0.5168655118360764, "CD": 16.054915200918913, "UG": 2.70876282453537, "SC": 0.008356136902070155, "ST": 0.044069968978874385, "GA": 1.8183324324734258, "CG": 2.9711164981126785, "PG": 5.603990858873658, "NR": 3.7184944762930217e-07, "PE": 6.0753921332688625, "SH": 0.01241248539838241, "TZ": 4.576398196164519, "TV": 1.4081966088763664e-06, "BI": 0.2823238670825958, "SB": 0.8516978951311955, "CL": 7.167459006162887, "WF": 0.022948418816453042, "AO": 3.4228877744922244, "KM": 0.07794878622758006, "MG": 5.859129372619032, "CC": 1.5685876403326304e-06, "TL": 0.33472640067338943, "AS": 0.007445997959777628, "PN": 0.0, "BO": 4.1282671466469765, "ZM": 1.252390906214714, "MU": 0.12872481868035446, "CX": 0.01677727667522788, "AU": 52.778400767096684, "WS": 0.0567242124088807, "MZ": 3.9408865228090235, "VU": 0.5883194981906854, "FJ": 0.41456303072852285, "CK": 0.010321785564957331, "MW": 0.42501258105039597, "YT": 0.04184623062610626, "TO": 0.07585429952488276, "NU": 0.02923354260100197, "NA": 2.1138831927417256, "BW": 2.50406564027071, "ZW": 1.774342492222786, "NC": 0.6802922071113953, "PY": 5.218625634908676, "RE": 0.09026080313698515, "AR": 36.532874596150805, "ZA": 9.684524806324681, "SZ": 0.38337844610214233, "NF": 7.42223174945017e-05, "NZ": 9.411029459407247, "LS": 0.9370121955871582, "UY": 5.04102731855788, "TF": 0.15296386754947366, "GS": 0.006837410200680544, "FK": 0.430864522719165, "AQ": 0.0}}