{"year": "2004", "month": "12", "type": "natural", "country_totals": {"RU": 91.91908630877234, "US": 40.30036666729199, "CA": 32.942715522187655, "GL": 0.7848163168367186, "IS": 0.6968758786758484, "SJ": 0.09028386437971818, "NO": 2.366071066001358, "FI": 2.0898680463433266, "GB": 1.0549851732517102, "SE": 2.6109598809853196, "FO": 0.00352960896274368, "AX": 0.01377170905470848, "EE": 0.3215060755610466, "IE": 0.2853886790181557, "DK": 0.3455247888341546, "LV": 0.16220831498503685, "NL": 0.16599344066344202, "PL": 1.7080062627792358, "LT": 0.2673025578260422, "BY": 0.7060672417283058, "DE": 1.8831382542848587, "KZ": 2.61253299145028, "CN": 8.406194369134028, "PT": 0.16722793883347986, "BE": 0.08253244310617447, "UA": 1.782703772187233, "MN": 0.6698520528734662, "GG": 0.06161915883421898, "FR": 2.4580396996461786, "CZ": 0.4781306982040405, "JP": 0.3154007567981851, "CH": 0.1380160003900528, "AT": 0.13981232047080994, "HU": 0.3469337522983551, "RO": 0.6635330989956856, "MD": 0.08390133082866669, "PM": 0.0019391855614685483, "ES": 1.0508229123717758, "IT": 0.5041412199716433, "SI": 0.08554606139659882, "HR": 0.22315874695777893, "RS": 0.22681385278701782, "UZ": 0.34639905067160726, "BA": 0.10529132187366486, "BG": 0.48497092723846436, "TR": 1.579891943372786, "KG": 0.28221286460757256, "AL": 0.030861746519804, "MK": 0.0651436299085617, "GE": 0.1922978162765503, "AZ": 0.31783304642885923, "TM": 0.2075017443858087, "KP": 0.1565180360339582, "GR": 0.15059104915053467, "TJ": 0.17816744279116392, "BM": 2.820972457365234e-10, "DZ": 0.17858466940901963, "TN": 0.03424030193127692, "IR": 0.507681335817324, "AF": 0.39370558271184564, "KR": 0.189983026124537, "MA": 0.20071236258627323, "MT": 0.0003004535974469036, "CY": 0.019911346753360704, "SY": 0.10279008653014898, "IQ": 0.07814517104998231, "PK": 0.16194084011465293, "IN": 8.03875419500148, "MH": 2.0001844073256128e-05, "LY": 0.015518380485985972, "EG": 0.017026643609995062, "LB": 0.004911127034574747, "MX": 7.669375769544915, "IL": 0.0018105509225279093, "SA": 0.07787333099986427, "BS": 0.07213838227036218, "JO": 0.0006100119790062308, "KW": 0.005116777960211039, "NP": 0.16484196856617928, "AG": 7.919844335901871e-07, "CV": 1.2784687663750655e-06, "EH": 0.000928813268498363, "BT": 0.05228075198829174, "MP": 0.0005434554787702886, "CU": 0.3911995448579546, "TC": 0.005265639540084521, "PR": 0.010597527186370748, "VG": 4.2760239793437904e-12, "AI": 0.0001240256101238124, "GP": 2.003088070257064e-05, "ML": 0.7906560955427988, "TD": 1.4315306544182802, "QA": 0.0004595527716446668, "AE": 0.0012442998886399437, "BD": 0.13381348736584187, "MM": 0.43695507110169274, "TW": 0.10419488861225545, "BB": 0.00077588622162586, "MR": 0.03815498036067088, "OM": 0.007918108329242994, "VN": 2.523213548694912, "DO": 0.07843943499028683, "NE": 0.19603245850625228, "SD": 0.9117128338834846, "TH": 2.8391764375846833, "PH": 1.150504760569248, "KY": 0.0033747438865248114, "JM": 0.052566062775440514, "HT": 0.030125316930934787, "GF": 0.47431217837115724, "YE": 0.17098153851931175, "LA": 0.7623048424720764, "HK": 0.00041330704698339105, "FM": 0.008817069554406805, "GT": 0.9348909185585077, "BZ": 0.10464506596326828, "HN": 0.6131950751878321, "VI": 0.003312179251224734, "BQ": 0.002411550041870214, "SN": 0.2082363935248157, "ER": 0.25585213489830494, "GU": 0.0010792522962468354, "CO": 6.617579165256757, "AW": 0.012289094651350752, "DM": 2.0331375708337873e-05, "MQ": 3.523352643242106e-05, "BF": 0.636818977072835, "SV": 0.23012677981205343, "NI": 0.6465749083727133, "VE": 5.450839429337066, "GD": 0.0006936309509910643, "VC": 0.0010734220268204808, "GM": 0.019321873784065247, "GN": 1.3343136459589005, "NG": 3.023013638332486, "ET": 6.119105026125908, "SO": 2.365505798493449, "KH": 0.985490694642067, "PW": 0.02457401635221501, "TK": 2.315914586579343e-07, "KI": 0.0006582870918681403, "PF": 0.11930802292004078, "CR": 0.44122702664407865, "PA": 0.5425895635036113, "TT": 0.03138547157868743, "BR": 47.045557948226644, "GW": 0.12663476049217356, "BJ": 0.11291297525167465, "CF": 6.071943260729313, "DJ": 0.038629330694675446, "LK": 0.24195959043246915, "GY": 1.2368445857428014, "SR": 0.11547830303607043, "SL": 0.7725985337524728, "CI": 2.985782048562541, "GH": 1.2243088598887832, "TG": 0.45879410207271576, "CM": 3.2900417000055313, "SS": 3.9870928823947906, "LR": 1.0621961941973492, "MV": 0.00012329738361005482, "ID": 8.98521707708549, "MY": 0.9428844634257985, "EC": 1.2651713817678552, "KE": 2.5950706601142883, "GQ": 0.5035080302483425, "CD": 15.9594005048275, "UG": 2.24667164683342, "SC": 0.00823420300458988, "ST": 0.04149556451011449, "GA": 1.7823136014073953, "CG": 2.901483006775379, "PG": 5.214833255569829, "NR": 3.612341132955277e-07, "PE": 5.963317297742128, "SH": 0.009158833230371928, "TZ": 4.799993666005321, "TV": 1.326508135890414e-06, "BI": 0.26845866441726685, "SB": 0.8343259757350268, "CL": 7.398532354562738, "WF": 0.017943593826805326, "AO": 3.2600861388721922, "KM": 0.08523233380992679, "MG": 5.565911341112935, "CC": 1.5529229597244232e-06, "TL": 0.2829270772635937, "AS": 0.005536847363178943, "PN": 0.0, "BO": 4.1438503079116344, "ZM": 1.1677978094667196, "MU": 0.17495338535599592, "CX": 0.016964497000075518, "AU": 51.34098808770419, "WS": 0.045014682327746414, "MZ": 4.840792482826544, "VU": 0.5511307668966765, "FJ": 0.35311354715561516, "CK": 0.010017166535790656, "MW": 0.43370043486356735, "YT": 0.04243331775069237, "TO": 0.06317905752067787, "NU": 0.026420552769844008, "NA": 2.133262785323179, "BW": 2.9511971846222878, "ZW": 2.03157427161932, "NC": 0.5746693149436632, "PY": 4.839855670928955, "RE": 0.12367172388493941, "AR": 37.771462826724616, "ZA": 10.264778829423808, "SZ": 0.41955429315567017, "NF": 6.460575175925437e-05, "NZ": 8.644310746725935, "LS": 0.8248385190963745, "UY": 5.019902997804699, "TF": 0.14991534676704435, "GS": 0.006583660652957596, "FK": 0.4365789575771539, "AQ": 0.0}}