{"year": "2001", "month": "12", "type": "natural", "country_totals": {"RU": 97.11183606762401, "US": 38.88737039270529, "CA": 34.88490263655472, "GL": 0.8980596221026746, "IS": 0.6935414250107349, "SJ": 0.08597576959031836, "NO": 2.209212593585655, "FI": 2.050707422196865, "GB": 0.9996101760652554, "SE": 2.537886963225901, "FO": 0.0035594453151830407, "AX": 0.014008968137204647, "EE": 0.33458178490400314, "IE": 0.2673865969521154, "DK": 0.33030604664236307, "LV": 0.17745687812566757, "NL": 0.16741767362691462, "PL": 1.7429469712078571, "LT": 0.2969401702284813, "BY": 0.7252403423190117, "DE": 1.9202796071767807, "KZ": 2.894529671408236, "CN": 8.881709433655487, "PT": 0.16750909250556392, "BE": 0.08073654770851135, "UA": 1.651177761144936, "MN": 0.9269930752925575, "GG": 0.0636591762304306, "FR": 2.626008994237054, "CZ": 0.4688173979520798, "JP": 0.3354662576793804, "CH": 0.14508895576000214, "AT": 0.14190103113651276, "HU": 0.33700789511203766, "RO": 0.6104228645563126, "MD": 0.07308302819728851, "PM": 0.002109328816914058, "ES": 1.0300812667337003, "IT": 0.506837940090918, "SI": 0.08838418871164322, "HR": 0.22057146951556206, "RS": 0.2209194079041481, "UZ": 0.4027978489175439, "BA": 0.10416170954704285, "BG": 0.40407705307006836, "TR": 1.4821663941256702, "KG": 0.3172089047729969, "AL": 0.030027607455849648, "MK": 0.05885573476552963, "GE": 0.20395124703645706, "AZ": 0.372071229852736, "TM": 0.2583868959918618, "KP": 0.17753053875640035, "GR": 0.12344579200544104, "TJ": 0.190416032448411, "BM": 3.6233361797033403e-10, "DZ": 0.21374228791046335, "TN": 0.04094426613301039, "IR": 0.6090797722863499, "AF": 0.45396850805263966, "KR": 0.2007428655779222, "MA": 0.24094595396672958, "MT": 0.0003368944744579494, "CY": 0.020284507365431637, "SY": 0.11236224230378866, "IQ": 0.09999493393115699, "PK": 0.13812157745121567, "IN": 8.295851625551013, "MH": 1.968942085900892e-05, "LY": 0.014551300210854379, "EG": 0.021225401607296135, "LB": 0.004774215631186962, "MX": 7.430825021870048, "IL": 0.0017611430957913399, "SA": 0.08482991819255403, "BS": 0.09115698884950901, "JO": 0.0005133483209647238, "KW": 0.007180468179285526, "NP": 0.16259215399622917, "AG": 8.386251693082158e-07, "CV": 5.367050604394852e-07, "EH": 0.0008233272852296025, "BT": 0.05224086530506611, "MP": 0.00047644322624745746, "CU": 0.48075291427085176, "TC": 0.011363835993506655, "PR": 0.01895119676235346, "VG": 1.2082237120514261e-11, "AI": 0.0001322246460460086, "GP": 2.1292633228142677e-05, "ML": 0.6545156260675593, "TD": 1.509563171429225, "QA": 0.0001873584114946425, "AE": 0.0011081058673880761, "BD": 0.1332356771454215, "MM": 0.5816877732650028, "TW": 0.10406653094105422, "BB": 0.000608647956076798, "MR": 0.03762983075013139, "OM": 0.009682558824004761, "VN": 3.335145148987067, "DO": 0.1679188075941056, "NE": 0.15626620730768792, "SD": 1.0023839681794016, "TH": 3.2211964626330882, "PH": 1.153730630119699, "KY": 0.004086564033059403, "JM": 0.06904128007590771, "HT": 0.05526766524417326, "GF": 0.6279053989100546, "YE": 0.12783135124983072, "LA": 0.9705878496170044, "HK": 0.0006386953755281866, "FM": 0.00894347108521041, "GT": 0.9447673297879855, "BZ": 0.11587534099817276, "HN": 0.5873836320824921, "VI": 0.0035801866615656763, "BQ": 0.002744637313298881, "SN": 0.1318479950237328, "ER": 0.22469318378716707, "GU": 0.0009288922774342012, "CO": 7.315064067897765, "AW": 0.016815138631500304, "DM": 1.9193144908058457e-05, "MQ": 2.1257243133732118e-05, "BF": 0.5873650712892413, "SV": 0.17920472107289243, "NI": 0.5695597740996163, "VE": 6.35418763110647, "GD": 0.0007158393273130059, "VC": 0.0010822601616382599, "GM": 0.008761255070567131, "GN": 1.1470244452357292, "NG": 3.167493848828599, "ET": 6.332883358001709, "SO": 2.2107256588891238, "KH": 1.2961819022893906, "PW": 0.025829694602776954, "TK": 2.860784310918657e-07, "KI": 0.0004932966726020139, "PF": 0.10794519423553975, "CR": 0.43156717986001186, "PA": 0.567716791290934, "TT": 0.03139468003064394, "BR": 49.21954365853867, "GW": 0.10179011827254267, "BJ": 0.10099384188652039, "CF": 5.916872054338455, "DJ": 0.024500560015439987, "LK": 0.2480135417542084, "GY": 1.1176349997986108, "SR": 0.1390230674733175, "SL": 0.5937608098050104, "CI": 2.600159297331615, "GH": 0.8257890421042249, "TG": 0.3378388583660126, "CM": 3.4134042263031006, "SS": 4.375335440039635, "LR": 1.0736215000004858, "MV": 0.00012634483257167872, "ID": 9.27520605274354, "MY": 0.9700436390739924, "EC": 1.3277172151351966, "KE": 2.6087935715913773, "GQ": 0.5126169527484625, "CD": 16.33343294635415, "UG": 2.8130278289318085, "SC": 0.009171301056210446, "ST": 0.03634334448724985, "GA": 1.8146898574701709, "CG": 2.944522850215435, "PG": 5.2591004497280665, "NR": 3.6750683831549e-07, "PE": 5.973196460390545, "SH": 0.010882117264693398, "TZ": 4.534699252457358, "TV": 1.1496994056781062e-06, "BI": 0.2804076075553894, "SB": 0.8552987095345941, "CL": 7.544899996811711, "WF": 0.019913718974754246, "AO": 3.3576071565317274, "KM": 0.06596172038939585, "MG": 5.553918854972164, "CC": 1.5833705898637973e-06, "TL": 0.3107962440699339, "AS": 0.007256322070881893, "PN": 0.0, "BO": 4.17370418459177, "ZM": 1.2122454512864351, "MU": 0.14210565337388448, "CX": 0.014166803049016519, "AU": 54.64240976248795, "WS": 0.05628764990251511, "MZ": 5.178077063504588, "VU": 0.3791731473247637, "FJ": 0.4029493729453485, "CK": 0.009709687863087568, "MW": 0.45903491973876953, "YT": 0.03388124331831932, "TO": 0.07512395448951459, "NU": 0.031535670048301156, "NA": 2.223088012194834, "BW": 2.9982566982507706, "ZW": 2.245645508170128, "NC": 0.4933487142811477, "PY": 4.970003843307495, "RE": 0.09515942301443658, "AR": 38.02195466837827, "ZA": 10.812634930227526, "SZ": 0.4586467444896698, "NF": 4.133740749575482e-05, "NZ": 9.39740374720363, "LS": 0.8854721784591675, "UY": 5.0565485269727795, "TF": 0.15642323877387437, "GS": 0.007557839175361097, "FK": 0.444837281054035, "AQ": 0.0}}