{"year": "2001", "month": "12", "type": "anthropogenic", "country_totals": {"US": 532.0066623372834, "NZ": 4.276642593656451, "AU": 22.201127656210094, "BR": 61.534871819003506, "EC": 6.085014309446452, "SJ": 0.0, "RU": 314.2469835572206, "PF": 0.27045539844235655, "MN": 1.4019399727601733, "ID": 28.72205653226021, "CA": 122.03216654204152, "TF": 0.0, "TM": 3.9770677798676815, "MH": 0.0, "ZA": 23.016385328761487, "AR": 24.352776552199664, "UY": 2.5795773246281897, "CL": 5.4171539631075944, "MV": 0.0, "PE": 6.686947415165088, "KI": 0.0, "CC": 0.0, "GS": 0.0, "LK": 4.116615556647387, "SC": 0.0, "SO": 0.03885781225744722, "SA": 29.383911001248844, "JP": 43.23762670176143, "MP": 5.791331432192237e-07, "SB": 0.10671206665017507, "SH": 0.0, "PT": 8.537314965222322, "CX": 0.0, "KZ": 13.978655367614335, "VN": 7.876607615050673, "PN": 0.0, "CV": 0.15597503160663884, "PG": 0.6119369179764114, "AO": 0.7780495362192905, "PH": 4.794400488564703, "AQ": 0.0, "AI": 0.0010446025989949703, "MG": 0.056062877075639506, "MX": 56.94340337326945, "CD": 0.20587883269868357, "FM": 0.012977575082913972, "NG": 4.755733697993763, "TV": 0.0, "GL": 0.02380390206331562, "CK": 1.9112712834612466e-05, "MU": 0.03433522719978299, "BO": 1.8486585690694515, "GA": 1.2037284412230633, "AG": 1.9688201064127497e-05, "FR": 60.89780864975887, "SS": 0.1165798706407486, "UA": 46.869850891462306, "CN": 173.16025381407243, "IN": 217.95137646079473, "BF": 0.5424035601776609, "MZ": 0.41039405333718015, "CO": 12.602747696226565, "GF": 0.02714333979128014, "TD": 0.3572315049870536, "TH": 19.39355874424791, "BB": 0.02277587976641371, "NF": 0.0, "KP": 0.6407724126171388, "FK": 0.17686473013787918, "NC": 0.030645264508905257, "ZM": 1.1481494630499824, "TC": 0.0, "BM": 0.0, "KN": 3.151560667902231e-05, "DZ": 22.587128204195043, "IE": 10.052917098422006, "NA": 0.6005190539076946, "SN": 0.4661771276332729, "YE": 4.797247466045427, "NR": 0.0, "GT": 2.3955943715809553, "NO": 17.308397547978185, "NI": 0.6072975334701596, "KW": 1.4424477164866403, "BS": 0.6273429874512821, "AS": 0.0, "ES": 51.12996402384124, "GQ": 0.6335385775048508, "EH": 0.06031733630516101, "LR": 0.11930863559246063, "IS": 0.8578577532185818, "MA": 5.766813804126215, "GU": 0.013023642074472264, "EG": 14.909997122762979, "VG": 0.0, "TK": 0.0, "TZ": 0.8829777184210581, "HN": 2.9511342135374434, "PA": 0.059650582376946204, "GR": 13.387309570610569, "BG": 9.335489437421472, "RE": 0.3968992266454734, "IR": 55.41189690659622, "ML": 0.29715334928096304, "TN": 4.77933940673906, "LY": 11.519241179188217, "NE": 0.5328549927902486, "BA": 2.137121796607971, "PK": 34.06608108989677, "IQ": 10.054099777653569, "SD": 1.3932551085760778, "BI": 0.03004229548605508, "CI": 2.8290433358160954, "MM": 2.246205587010092, "PR": 2.070647737349759, "ET": 0.8169746984296857, "IT": 49.16793115227751, "FO": 0.04351760147105743, "TO": 0.0, "SE": 27.61845528121573, "TR": 38.64024439012318, "WF": 0.0, "MW": 0.7989633856328737, "CM": 0.639459776556123, "MR": 0.21356099678394003, "VE": 13.778202417270165, "NP": 0.9771764535835246, "PW": 0.0, "GM": 0.023793844738975167, "AF": 1.2041570721469839, "BQ": 0.0, "GP": 0.0013428605161607265, "KE": 1.199588895133271, "FI": 24.953453306423565, "MY": 8.764435039149008, "BW": 0.47780898389024173, "DE": 53.70182794102584, "BY": 11.089085326304485, "CG": 0.10478710873758246, "GN": 0.08585689112175032, "UG": 0.03609500516603248, "PL": 39.67506161714846, "AT": 10.540500462055206, "KM": 0.014776265649061315, "CF": 0.0021273502261465183, "CR": 1.9961541180158697, "OM": 6.274318000443694, "BT": 0.008434188785031438, "HR": 3.6610511175563367, "AE": 4.811127870962082, "PS": 1.2608866021037102, "FJ": 0.30435285416410807, "LV": 3.04843985917978, "DK": 8.616368301905368, "QA": 1.200315087011404, "GH": 3.166837304897548, "VU": 0.0, "CU": 5.6542946855121485, "DO": 2.372348732450771, "GE": 0.3298019344183558, "PY": 2.456526485216159, "LA": 0.3282193466112062, "NU": 0.020992584269759362, "GY": 0.28287061666640057, "GB": 39.529042079284935, "UZ": 9.518550919996414, "ZW": 2.8444270056072547, "JM": 1.17815759604116, "TL": 0.11596765112335561, "MS": 5.772284339400358e-07, "TJ": 2.1865932336077094, "SY": 10.883592498037615, "KG": 1.7503066904305342, "SL": 0.0, "MQ": 8.471392720821314e-05, "RO": 17.127931278198957, "TW": 1.9165715969313624, "GW": 7.0499222299957864e-06, "BD": 4.108258249556229, "WS": 0.19683575118870067, "KR": 13.041338960445103, "VI": 0.059808827820234, "KY": 0.05903567164205015, "SR": 0.09257961064577103, "YT": 0.051054211000852945, "ER": 0.1865487218619819, "KH": 0.041724855143911554, "ST": 3.149041731376201e-05, "LT": 4.063323702663183, "PM": 0.19195638957535266, "AX": 0.14581382893993577, "CZ": 14.480637848377228, "SK": 6.435702800750732, "SV": 1.0410989751435409, "BJ": 0.11132548756631877, "BZ": 0.09619306192990962, "CY": 0.024398127818699322, "NL": 6.765116392386517, "EE": 2.3133608066564193, "AW": 0.0, "GD": 0.06008706765715033, "HT": 0.2400376517980476, "IM": 0.15532735362648964, "GG": 0.0014464396106177446, "JO": 3.257436104118824, "HU": 9.960043400526047, "HK": 0.04657663246246102, "AZ": 5.9000774348387495, "MD": 1.648778222501278, "BE": 4.58696898422204, "IL": 2.6563522244626583, "TT": 0.9376176742462121, "TG": 0.21587805723538622, "MT": 0.06373141729272902, "LC": 0.033881613657285925, "AL": 1.7636391366831958, "XK": 1.5104529857635498, "CW": 0.025651835836470127, "BN": 0.31964551089913584, "SI": 4.9240323305130005, "MK": 1.9286015927791595, "LB": 1.1088034510612488, "RW": 0.012771624616561894, "RS": 3.6254270672798157, "LU": 1.934378445148468, "VC": 7.046070546579131e-06, "DJ": 0.014510665375382814, "CH": 2.3509856462478638, "ME": 0.506855996133595, "SZ": 0.11728808516636491, "BL": 0.057033371180295944, "DM": 0.005599552299827337, "LS": 0.02100454270839691, "AM": 0.22302574757486582, "BH": 0.014366885647177696}}